<?xml version="1.0" encoding="UTF-8" ?>
<OpenSimDocument Version="30000">
	<ForceSet name="LowerBodyReserveActuators">
		<defaults>
			<CoordinateActuator name="default">
				<!--Minimum allowed value for control signal. Used primarily when solving for control values.-->
				<min_control>-Inf</min_control>
				<!--Maximum allowed value for control signal. Used primarily when solving for control values.-->
				<max_control>Inf</max_control>
				<!--Name of the generalized coordinate to which the actuator applies.-->
				<coordinate></coordinate>
				<!--The maximum generalized force produced by this actuator.-->
				<optimal_force>100</optimal_force>
			</CoordinateActuator>
		</defaults>
		<objects>
			<PointActuator name="FX">
				<!--Name of Body to which this actuator is applied.-->
				<body>pelvis</body>
				<!--Location of application point; in body frame unless point_is_global=true-->
				<point>-0.073 -0.02525 0</point>
				<!--Force application direction; in body frame unless force_is_global=true.-->
				<direction>1 -0 -0</direction>
				<!--The maximum force produced by this actuator when fully activated.-->
				<optimal_force>10</optimal_force>
				<min_control> -Inf </min_control>
				<max_control> Inf </max_control>
			</PointActuator>
			<PointActuator name="FY">
				<!--Name of Body to which this actuator is applied.-->
				<body>pelvis</body>
				<!--Location of application point; in body frame unless point_is_global=true-->
				<point>-0.073 -0.02525 0</point>
				<!--Force application direction; in body frame unless force_is_global=true.-->
				<direction>-0 1 -0</direction>
				<!--The maximum force produced by this actuator when fully activated.-->
				<optimal_force>10</optimal_force>
				<min_control> -Inf </min_control>
				<max_control> Inf </max_control>
			</PointActuator>
			<PointActuator name="FZ">
				<!--Name of Body to which this actuator is applied.-->
				<body>pelvis</body>
				<!--Location of application point; in body frame unless point_is_global=true-->
				<point>-0.073 -0.02525 0</point>
				<!--Force application direction; in body frame unless force_is_global=true.-->
				<direction>-0 -0 1</direction>
				<!--The maximum force produced by this actuator when fully activated.-->
				<optimal_force>10</optimal_force>
				<min_control> -Inf </min_control>
				<max_control> Inf </max_control>
			</PointActuator>
			<TorqueActuator name="MX">
				<!--Name of Body to which the torque actuator is applied.-->
				<bodyA>pelvis</bodyA>
				<!--Name of Body to which the equal and opposite torque is applied.-->
				<bodyB>ground</bodyB>
				<!--Fixed direction about which torque is applied, in Ground or body A frame depending on 'torque_is_global' property.-->
				<axis>1 -0 -0</axis>
				<!--The maximum torque produced by this actuator when fully activated.-->
				<optimal_force>15</optimal_force>
				<min_control> -Inf </min_control>
				<max_control> Inf </max_control>
			</TorqueActuator>
			<TorqueActuator name="MY">
				<!--Name of Body to which the torque actuator is applied.-->
				<bodyA>pelvis</bodyA>
				<!--Name of Body to which the equal and opposite torque is applied.-->
				<bodyB>ground</bodyB>
				<!--Fixed direction about which torque is applied, in Ground or body A frame depending on 'torque_is_global' property.-->
				<axis>-0 1 -0</axis>
				<!--The maximum torque produced by this actuator when fully activated.-->
				<optimal_force>15</optimal_force>
				<min_control> -Inf </min_control>
				<max_control> Inf </max_control>
			</TorqueActuator>
			<TorqueActuator name="MZ">
				<!--Name of Body to which the torque actuator is applied.-->
				<bodyA>pelvis</bodyA>
				<!--Name of Body to which the equal and opposite torque is applied.-->
				<bodyB>ground</bodyB>
				<!--Fixed direction about which torque is applied, in Ground or body A frame depending on 'torque_is_global' property.-->
				<axis>-0 -0 1</axis>
				<!--The maximum torque produced by this actuator when fully activated.-->
				<optimal_force>15</optimal_force>
				<min_control> -Inf </min_control>
				<max_control> Inf </max_control>
			</TorqueActuator>
			<CoordinateActuator name="hip_flexion_r_reserve">
				<!--Minimum allowed value for control signal. Used primarily when solving for control values.-->
				<min_control>-Inf</min_control>
				<!--Maximum allowed value for control signal. Used primarily when solving for control values.-->
				<max_control>Inf</max_control>
				<!--Name of the generalized coordinate to which the actuator applies.-->
				<coordinate>hip_flexion_r</coordinate>
				<!--The maximum generalized force produced by this actuator.-->
				<optimal_force>2.5</optimal_force>
			</CoordinateActuator>
			<CoordinateActuator name="hip_adduction_r_reserve">
				<!--Minimum allowed value for control signal. Used primarily when solving for control values.-->
				<min_control>-Inf</min_control>
				<!--Maximum allowed value for control signal. Used primarily when solving for control values.-->
				<max_control>Inf</max_control>
				<!--Name of the generalized coordinate to which the actuator applies.-->
				<coordinate>hip_adduction_r</coordinate>
				<!--The maximum generalized force produced by this actuator.-->
				<optimal_force>5</optimal_force>
			</CoordinateActuator>
			<CoordinateActuator name="hip_rotation_r_reserve">
				<!--Minimum allowed value for control signal. Used primarily when solving for control values.-->
				<min_control>-Inf</min_control>
				<!--Maximum allowed value for control signal. Used primarily when solving for control values.-->
				<max_control>Inf</max_control>
				<!--Name of the generalized coordinate to which the actuator applies.-->
				<coordinate>hip_rotation_r</coordinate>
				<!--The maximum generalized force produced by this actuator.-->
				<optimal_force>10</optimal_force>
			</CoordinateActuator>
			<CoordinateActuator name="knee_angle_r_reserve">
				<!--Minimum allowed value for control signal. Used primarily when solving for control values.-->
				<min_control>-Inf</min_control>
				<!--Maximum allowed value for control signal. Used primarily when solving for control values.-->
				<max_control>Inf</max_control>
				<!--Name of the generalized coordinate to which the actuator applies.-->
				<coordinate>knee_angle_r</coordinate>
				<!--The maximum generalized force produced by this actuator.-->
				<optimal_force>1</optimal_force>
			</CoordinateActuator>
			<CoordinateActuator name="ankle_angle_r_reserve">
				<!--Minimum allowed value for control signal. Used primarily when solving for control values.-->
				<min_control>-Inf</min_control>
				<!--Maximum allowed value for control signal. Used primarily when solving for control values.-->
				<max_control>Inf</max_control>
				<!--Name of the generalized coordinate to which the actuator applies.-->
				<coordinate>ankle_angle_r</coordinate>
				<!--The maximum generalized force produced by this actuator.-->
				<optimal_force>1</optimal_force>
			</CoordinateActuator>
			<CoordinateActuator name="hip_flexion_l_reserve">
				<!--Minimum allowed value for control signal. Used primarily when solving for control values.-->
				<min_control>-Inf</min_control>
				<!--Maximum allowed value for control signal. Used primarily when solving for control values.-->
				<max_control>Inf</max_control>
				<!--Name of the generalized coordinate to which the actuator applies.-->
				<coordinate>hip_flexion_l</coordinate>
				<!--The maximum generalized force produced by this actuator.-->
				<optimal_force>2.5</optimal_force>
			</CoordinateActuator>
			<CoordinateActuator name="hip_adduction_l_reserve">
				<!--Minimum allowed value for control signal. Used primarily when solving for control values.-->
				<min_control>-Inf</min_control>
				<!--Maximum allowed value for control signal. Used primarily when solving for control values.-->
				<max_control>Inf</max_control>
				<!--Name of the generalized coordinate to which the actuator applies.-->
				<coordinate>hip_adduction_l</coordinate>
				<!--The maximum generalized force produced by this actuator.-->
				<optimal_force>5</optimal_force>
			</CoordinateActuator>
			<CoordinateActuator name="hip_rotation_l_reserve">
				<!--Minimum allowed value for control signal. Used primarily when solving for control values.-->
				<min_control>-Inf</min_control>
				<!--Maximum allowed value for control signal. Used primarily when solving for control values.-->
				<max_control>Inf</max_control>
				<!--Name of the generalized coordinate to which the actuator applies.-->
				<coordinate>hip_rotation_l</coordinate>
				<!--The maximum generalized force produced by this actuator.-->
				<optimal_force>10</optimal_force>
			</CoordinateActuator>
			<CoordinateActuator name="knee_angle_l_reserve">
				<!--Minimum allowed value for control signal. Used primarily when solving for control values.-->
				<min_control>-Inf</min_control>
				<!--Maximum allowed value for control signal. Used primarily when solving for control values.-->
				<max_control>Inf</max_control>
				<!--Name of the generalized coordinate to which the actuator applies.-->
				<coordinate>knee_angle_l</coordinate>
				<!--The maximum generalized force produced by this actuator.-->
				<optimal_force>1</optimal_force>
			</CoordinateActuator>
			<CoordinateActuator name="ankle_angle_l_reserve">
				<!--Minimum allowed value for control signal. Used primarily when solving for control values.-->
				<min_control>-Inf</min_control>
				<!--Maximum allowed value for control signal. Used primarily when solving for control values.-->
				<max_control>Inf</max_control>
				<!--Name of the generalized coordinate to which the actuator applies.-->
				<coordinate>ankle_angle_l</coordinate>
				<!--The maximum generalized force produced by this actuator.-->
				<optimal_force>1</optimal_force>
			</CoordinateActuator>
		</objects>
	</ForceSet>
</OpenSimDocument>
