<?xml version="1.0" encoding="UTF-8" ?>
<OpenSimDocument Version="30000">
	<MarkerSet name="loadedwalking_subject11_prescale">
		<objects>
			<Marker name="Head">
				<!--Body segment in the model on which the marker resides.-->
				<body>torso</body>
				<!--Location of a marker on the body segment.-->
				<location> 0 0.67 0</location>
				<!--Flag (true or false) specifying whether or not a marker should be kept fixed in the marker placement step.  i.e. If false, the marker is allowed to move.-->
				<fixed>true</fixed>
			</Marker>
			<Marker name="R.Shoulder">
				<!--Body segment in the model on which the marker resides.-->
				<body>torso</body>
				<!--Location of a marker on the body segment.-->
				<location> 0 0.418 0.142</location>
				<!--Flag (true or false) specifying whether or not a marker should be kept fixed in the marker placement step.  i.e. If false, the marker is allowed to move.-->
				<fixed>true</fixed>
			</Marker>
			<Marker name="L.Shoulder">
				<!--Body segment in the model on which the marker resides.-->
				<body>torso</body>
				<!--Location of a marker on the body segment.-->
				<location> 0 0.418 -0.142</location>
				<!--Flag (true or false) specifying whether or not a marker should be kept fixed in the marker placement step.  i.e. If false, the marker is allowed to move.-->
				<fixed>true</fixed>
			</Marker>
			<Marker name="R.Clavicle">
				<!--Body segment in the model on which the marker resides.-->
				<body>torso</body>
				<!--Location of a marker on the body segment.-->
				<location> 0.046 0.385 0.025</location>
				<!--Flag (true or false) specifying whether or not a marker should be kept fixed in the marker placement step.  i.e. If false, the marker is allowed to move.-->
				<fixed>true</fixed>
			</Marker>
			<Marker name="L.Clavicle">
				<!--Body segment in the model on which the marker resides.-->
				<body>torso</body>
				<!--Location of a marker on the body segment.-->
				<location> 0.046 0.385 -0.025</location>
				<!--Flag (true or false) specifying whether or not a marker should be kept fixed in the marker placement step.  i.e. If false, the marker is allowed to move.-->
				<fixed>true</fixed>
			</Marker>
			<Marker name="R.Biceps">
				<!--Body segment in the model on which the marker resides.-->
				<body>humerus_r</body>
				<!--Location of a marker on the body segment.-->
				<location> 0.04 -0.15 0</location>
				<!--Flag (true or false) specifying whether or not a marker should be kept fixed in the marker placement step.  i.e. If false, the marker is allowed to move.-->
				<fixed>false</fixed>
			</Marker>
			<Marker name="R.Elbow">
				<!--Body segment in the model on which the marker resides.-->
				<body>humerus_r</body>
				<!--Location of a marker on the body segment.-->
				<location> 0.01 -0.281 0.035</location>
				<!--Flag (true or false) specifying whether or not a marker should be kept fixed in the marker placement step.  i.e. If false, the marker is allowed to move.-->
				<fixed>true</fixed>
			</Marker>
			<Marker name="R.MElbow">
				<!--Body segment in the model on which the marker resides.-->
				<body>humerus_r</body>
				<!--Location of a marker on the body segment.-->
				<location> 0 -0.281 -0.042</location>
				<!--Flag (true or false) specifying whether or not a marker should be kept fixed in the marker placement step.  i.e. If false, the marker is allowed to move.-->
				<fixed>true</fixed>
			</Marker>
			<Marker name="R.Forearm">
				<!--Body segment in the model on which the marker resides.-->
				<body>ulna_r</body>
				<!--Location of a marker on the body segment.-->
				<location> 0 -0.15 0</location>
				<!--Flag (true or false) specifying whether or not a marker should be kept fixed in the marker placement step.  i.e. If false, the marker is allowed to move.-->
				<fixed>false</fixed>
			</Marker>
			<Marker name="R.Wrist">
				<!--Body segment in the model on which the marker resides.-->
				<body>radius_r</body>
				<!--Location of a marker on the body segment.-->
				<location> -0.03 -0.24 0.006</location>
				<!--Flag (true or false) specifying whether or not a marker should be kept fixed in the marker placement step.  i.e. If false, the marker is allowed to move.-->
				<fixed>true</fixed>
			</Marker>
			<Marker name="L.Biceps">
				<!--Body segment in the model on which the marker resides.-->
				<body>humerus_l</body>
				<!--Location of a marker on the body segment.-->
				<location> 0.04 -0.15 0</location>
				<!--Flag (true or false) specifying whether or not a marker should be kept fixed in the marker placement step.  i.e. If false, the marker is allowed to move.-->
				<fixed>false</fixed>
			</Marker>
			<Marker name="L.Elbow">
				<!--Body segment in the model on which the marker resides.-->
				<body>humerus_l</body>
				<!--Location of a marker on the body segment.-->
				<location> 0.01 -0.281 -0.035</location>
				<!--Flag (true or false) specifying whether or not a marker should be kept fixed in the marker placement step.  i.e. If false, the marker is allowed to move.-->
				<fixed>true</fixed>
			</Marker>
			<Marker name="L.MElbow">
				<!--Body segment in the model on which the marker resides.-->
				<body>humerus_l</body>
				<!--Location of a marker on the body segment.-->
				<location> 0 -0.281 0.042</location>
				<!--Flag (true or false) specifying whether or not a marker should be kept fixed in the marker placement step.  i.e. If false, the marker is allowed to move.-->
				<fixed>true</fixed>
			</Marker>
			<Marker name="L.Forearm">
				<!--Body segment in the model on which the marker resides.-->
				<body>ulna_l</body>
				<!--Location of a marker on the body segment.-->
				<location> 0 -0.15 0</location>
				<!--Flag (true or false) specifying whether or not a marker should be kept fixed in the marker placement step.  i.e. If false, the marker is allowed to move.-->
				<fixed>false</fixed>
			</Marker>
			<Marker name="L.Wrist">
				<!--Body segment in the model on which the marker resides.-->
				<body>radius_l</body>
				<!--Location of a marker on the body segment.-->
				<location> -0.03 -0.24 -0.006</location>
				<!--Flag (true or false) specifying whether or not a marker should be kept fixed in the marker placement step.  i.e. If false, the marker is allowed to move.-->
				<fixed>true</fixed>
			</Marker>
			<Marker name="R.ASIS">
				<!--Body segment in the model on which the marker resides.-->
				<body>pelvis</body>
				<!--Location of a marker on the body segment.-->
				<location> 0.013 0.03 0.128</location>
				<!--Flag (true or false) specifying whether or not a marker should be kept fixed in the marker placement step.  i.e. If false, the marker is allowed to move.-->
				<fixed>true</fixed>
			</Marker>
			<Marker name="L.ASIS">
				<!--Body segment in the model on which the marker resides.-->
				<body>pelvis</body>
				<!--Location of a marker on the body segment.-->
				<location> 0.013 0.03 -0.128</location>
				<!--Flag (true or false) specifying whether or not a marker should be kept fixed in the marker placement step.  i.e. If false, the marker is allowed to move.-->
				<fixed>true</fixed>
			</Marker>
			<Marker name="S2">
				<!--Body segment in the model on which the marker resides.-->
				<body>pelvis</body>
				<!--Location of a marker on the body segment.-->
				<location> -0.18 0.025 0</location>
				<!--Flag (true or false) specifying whether or not a marker should be kept fixed in the marker placement step.  i.e. If false, the marker is allowed to move.-->
				<fixed>true</fixed>
			</Marker>
			<Marker name="R.PSIS">
				<!--Body segment in the model on which the marker resides.-->
				<body>pelvis</body>
				<!--Location of a marker on the body segment.-->
				<location> -0.154 0.038 0.055</location>
				<!--Flag (true or false) specifying whether or not a marker should be kept fixed in the marker placement step.  i.e. If false, the marker is allowed to move.-->
				<fixed>false</fixed>
			</Marker>
			<Marker name="L.PSIS">
				<!--Body segment in the model on which the marker resides.-->
				<body>pelvis</body>
				<!--Location of a marker on the body segment.-->
				<location> -0.154 0.038 -0.055</location>
				<!--Flag (true or false) specifying whether or not a marker should be kept fixed in the marker placement step.  i.e. If false, the marker is allowed to move.-->
				<fixed>false</fixed>
			</Marker>
			<Marker name="R_HJC">
				<!--Body segment in the model on which the marker resides.-->
				<body>femur_r</body>
				<!--Location of a marker on the body segment.-->
				<location> 0 0 0</location>
				<!--Flag (true or false) specifying whether or not a marker should be kept fixed in the marker placement step.  i.e. If false, the marker is allowed to move.-->
				<fixed>true</fixed>
			</Marker>
			<Marker name="L_HJC">
				<!--Body segment in the model on which the marker resides.-->
				<body>femur_l</body>
				<!--Location of a marker on the body segment.-->
				<location> 0 0 0</location>
				<!--Flag (true or false) specifying whether or not a marker should be kept fixed in the marker placement step.  i.e. If false, the marker is allowed to move.-->
				<fixed>true</fixed>
			</Marker>
			<Marker name="R.TH1">
				<!--Body segment in the model on which the marker resides.-->
				<body>femur_r</body>
				<!--Location of a marker on the body segment.-->
				<location> 0.012 -0.2 0.11</location>
				<!--Flag (true or false) specifying whether or not a marker should be kept fixed in the marker placement step.  i.e. If false, the marker is allowed to move.-->
				<fixed>false</fixed>
			</Marker>
			<Marker name="R.TH2">
				<!--Body segment in the model on which the marker resides.-->
				<body>femur_r</body>
				<!--Location of a marker on the body segment.-->
				<location> 0.012 -0.18 0.11</location>
				<!--Flag (true or false) specifying whether or not a marker should be kept fixed in the marker placement step.  i.e. If false, the marker is allowed to move.-->
				<fixed>false</fixed>
			</Marker>
			<Marker name="R.TH3">
				<!--Body segment in the model on which the marker resides.-->
				<body>femur_r</body>
				<!--Location of a marker on the body segment.-->
				<location> 0.012 -0.16 0.11</location>
				<!--Flag (true or false) specifying whether or not a marker should be kept fixed in the marker placement step.  i.e. If false, the marker is allowed to move.-->
				<fixed>false</fixed>
			</Marker>
			<Marker name="R.Knee">
				<!--Body segment in the model on which the marker resides.-->
				<body>femur_r</body>
				<!--Location of a marker on the body segment.-->
				<location> 0 -0.404 0.047</location>
				<!--Flag (true or false) specifying whether or not a marker should be kept fixed in the marker placement step.  i.e. If false, the marker is allowed to move.-->
				<fixed>true</fixed>
			</Marker>
			<Marker name="R.MKnee">
				<!--Body segment in the model on which the marker resides.-->
				<body>femur_r</body>
				<!--Location of a marker on the body segment.-->
				<location> 0.005 -0.401 -0.05</location>
				<!--Flag (true or false) specifying whether or not a marker should be kept fixed in the marker placement step.  i.e. If false, the marker is allowed to move.-->
				<fixed>true</fixed>
			</Marker>
			<Marker name="R.SH1">
				<!--Body segment in the model on which the marker resides.-->
				<body>tibia_r</body>
				<!--Location of a marker on the body segment.-->
				<location> 0.012 -0.25 0.08</location>
				<!--Flag (true or false) specifying whether or not a marker should be kept fixed in the marker placement step.  i.e. If false, the marker is allowed to move.-->
				<fixed>false</fixed>
			</Marker>
			<Marker name="R.SH2">
				<!--Body segment in the model on which the marker resides.-->
				<body>tibia_r</body>
				<!--Location of a marker on the body segment.-->
				<location> 0.012 -0.23 0.08</location>
				<!--Flag (true or false) specifying whether or not a marker should be kept fixed in the marker placement step.  i.e. If false, the marker is allowed to move.-->
				<fixed>false</fixed>
			</Marker>
			<Marker name="R.SH3">
				<!--Body segment in the model on which the marker resides.-->
				<body>tibia_r</body>
				<!--Location of a marker on the body segment.-->
				<location> 0.012 -0.21 0.08</location>
				<!--Flag (true or false) specifying whether or not a marker should be kept fixed in the marker placement step.  i.e. If false, the marker is allowed to move.-->
				<fixed>false</fixed>
			</Marker>
			<Marker name="R.SH4">
				<!--Body segment in the model on which the marker resides.-->
				<body>tibia_r</body>
				<!--Location of a marker on the body segment.-->
				<location> 0.012 -0.19 0.08</location>
				<!--Flag (true or false) specifying whether or not a marker should be kept fixed in the marker placement step.  i.e. If false, the marker is allowed to move.-->
				<fixed>false</fixed>
			</Marker>
			<Marker name="R.Ankle">
				<!--Body segment in the model on which the marker resides.-->
				<body>tibia_r</body>
				<!--Location of a marker on the body segment.-->
				<location> -0.005 -0.3788 0.053</location>
				<!--Flag (true or false) specifying whether or not a marker should be kept fixed in the marker placement step.  i.e. If false, the marker is allowed to move.-->
				<fixed>false</fixed>
			</Marker>
			<Marker name="R.MAnkle">
				<!--Body segment in the model on which the marker resides.-->
				<body>tibia_r</body>
				<!--Location of a marker on the body segment.-->
				<location> 0.006 -0.3788 -0.038</location>
				<!--Flag (true or false) specifying whether or not a marker should be kept fixed in the marker placement step.  i.e. If false, the marker is allowed to move.-->
				<fixed>true</fixed>
			</Marker>
			<Marker name="R.Toe">
				<!--Body segment in the model on which the marker resides.-->
				<body>calcn_r</body>
				<!--Location of a marker on the body segment.-->
				<location> 0.23 0.037 -0.016</location>
				<!--Flag (true or false) specifying whether or not a marker should be kept fixed in the marker placement step.  i.e. If false, the marker is allowed to move.-->
				<fixed>false</fixed>
			</Marker>
			<Marker name="R.MT5">
				<!--Body segment in the model on which the marker resides.-->
				<body>calcn_r</body>
				<!--Location of a marker on the body segment.-->
				<location> 0.16 0.02 0.05</location>
				<!--Flag (true or false) specifying whether or not a marker should be kept fixed in the marker placement step.  i.e. If false, the marker is allowed to move.-->
				<fixed>false</fixed>
			</Marker>
			<Marker name="R.Heel">
				<!--Body segment in the model on which the marker resides.-->
				<body>calcn_r</body>
				<!--Location of a marker on the body segment.-->
				<location> -0.02 0.02 -0.01</location>
				<!--Flag (true or false) specifying whether or not a marker should be kept fixed in the marker placement step.  i.e. If false, the marker is allowed to move.-->
				<fixed>false</fixed>
			</Marker>
			<Marker name="L.TH1">
				<!--Body segment in the model on which the marker resides.-->
				<body>femur_l</body>
				<!--Location of a marker on the body segment.-->
				<location> 0.012 -0.2 -0.11</location>
				<!--Flag (true or false) specifying whether or not a marker should be kept fixed in the marker placement step.  i.e. If false, the marker is allowed to move.-->
				<fixed>false</fixed>
			</Marker>
			<Marker name="L.TH2">
				<!--Body segment in the model on which the marker resides.-->
				<body>femur_l</body>
				<!--Location of a marker on the body segment.-->
				<location> 0.012 -0.18 -0.11</location>
				<!--Flag (true or false) specifying whether or not a marker should be kept fixed in the marker placement step.  i.e. If false, the marker is allowed to move.-->
				<fixed>false</fixed>
			</Marker>
			<Marker name="L.TH3">
				<!--Body segment in the model on which the marker resides.-->
				<body>femur_l</body>
				<!--Location of a marker on the body segment.-->
				<location> 0.012 -0.16 -0.11</location>
				<!--Flag (true or false) specifying whether or not a marker should be kept fixed in the marker placement step.  i.e. If false, the marker is allowed to move.-->
				<fixed>false</fixed>
			</Marker>
			<Marker name="L.TH4">
				<!--Body segment in the model on which the marker resides.-->
				<body>femur_l</body>
				<!--Location of a marker on the body segment.-->
				<location> 0.012 -0.14 -0.11</location>
				<!--Flag (true or false) specifying whether or not a marker should be kept fixed in the marker placement step.  i.e. If false, the marker is allowed to move.-->
				<fixed>false</fixed>
			</Marker>
			<Marker name="L.Knee">
				<!--Body segment in the model on which the marker resides.-->
				<body>femur_l</body>
				<!--Location of a marker on the body segment.-->
				<location> 0 -0.404 -0.047</location>
				<!--Flag (true or false) specifying whether or not a marker should be kept fixed in the marker placement step.  i.e. If false, the marker is allowed to move.-->
				<fixed>true</fixed>
			</Marker>
			<Marker name="L.MKnee">
				<!--Body segment in the model on which the marker resides.-->
				<body>femur_l</body>
				<!--Location of a marker on the body segment.-->
				<location> 0.005 -0.401 0.05</location>
				<!--Flag (true or false) specifying whether or not a marker should be kept fixed in the marker placement step.  i.e. If false, the marker is allowed to move.-->
				<fixed>true</fixed>
			</Marker>
			<Marker name="L.SH1">
				<!--Body segment in the model on which the marker resides.-->
				<body>tibia_l</body>
				<!--Location of a marker on the body segment.-->
				<location> 0.012 -0.25 -0.08</location>
				<!--Flag (true or false) specifying whether or not a marker should be kept fixed in the marker placement step.  i.e. If false, the marker is allowed to move.-->
				<fixed>false</fixed>
			</Marker>
			<Marker name="L.SH2">
				<!--Body segment in the model on which the marker resides.-->
				<body>tibia_l</body>
				<!--Location of a marker on the body segment.-->
				<location> 0.012 -0.23 -0.08</location>
				<!--Flag (true or false) specifying whether or not a marker should be kept fixed in the marker placement step.  i.e. If false, the marker is allowed to move.-->
				<fixed>false</fixed>
			</Marker>
			<Marker name="L.SH3">
				<!--Body segment in the model on which the marker resides.-->
				<body>tibia_l</body>
				<!--Location of a marker on the body segment.-->
				<location> 0.012 -0.21 -0.08</location>
				<!--Flag (true or false) specifying whether or not a marker should be kept fixed in the marker placement step.  i.e. If false, the marker is allowed to move.-->
				<fixed>false</fixed>
			</Marker>
			<Marker name="L.Ankle">
				<!--Body segment in the model on which the marker resides.-->
				<body>tibia_l</body>
				<!--Location of a marker on the body segment.-->
				<location> -0.005 -0.3788 -0.053</location>
				<!--Flag (true or false) specifying whether or not a marker should be kept fixed in the marker placement step.  i.e. If false, the marker is allowed to move.-->
				<fixed>false</fixed>
			</Marker>
			<Marker name="L.MAnkle">
				<!--Body segment in the model on which the marker resides.-->
				<body>tibia_l</body>
				<!--Location of a marker on the body segment.-->
				<location> 0.006 -0.3788 0.038</location>
				<!--Flag (true or false) specifying whether or not a marker should be kept fixed in the marker placement step.  i.e. If false, the marker is allowed to move.-->
				<fixed>true</fixed>
			</Marker>
			<Marker name="L.Toe">
				<!--Body segment in the model on which the marker resides.-->
				<body>calcn_l</body>
				<!--Location of a marker on the body segment.-->
				<location> 0.23 0.037 0.016</location>
				<!--Flag (true or false) specifying whether or not a marker should be kept fixed in the marker placement step.  i.e. If false, the marker is allowed to move.-->
				<fixed>false</fixed>
			</Marker>
			<Marker name="L.Heel">
				<!--Body segment in the model on which the marker resides.-->
				<body>calcn_l</body>
				<!--Location of a marker on the body segment.-->
				<location> -0.02 0.02 0.01</location>
				<!--Flag (true or false) specifying whether or not a marker should be kept fixed in the marker placement step.  i.e. If false, the marker is allowed to move.-->
				<fixed>false</fixed>
			</Marker>
			<Marker name="L.MT5">
				<!--Body segment in the model on which the marker resides.-->
				<body>calcn_l</body>
				<!--Location of a marker on the body segment.-->
				<location> 0.16 0.02 -0.05</location>
				<!--Flag (true or false) specifying whether or not a marker should be kept fixed in the marker placement step.  i.e. If false, the marker is allowed to move.-->
				<fixed>false</fixed>
			</Marker>
			<Marker name="MidPSIS">
				<!--Body segment in the model on which the marker resides.-->
				<body>pelvis</body>
				<!--Location of a marker on the body segment.-->
				<location> -0.154 0.038 0</location>
				<!--Flag (true or false) specifying whether or not a marker should be kept fixed in the marker placement step.  i.e. If false, the marker is allowed to move.-->
				<fixed>true</fixed>
			</Marker>
			<Marker name="MidASIS">
				<!--Body segment in the model on which the marker resides.-->
				<body>pelvis</body>
				<!--Location of a marker on the body segment.-->
				<location> 0.013 0.03 0</location>
				<!--Flag (true or false) specifying whether or not a marker should be kept fixed in the marker placement step.  i.e. If false, the marker is allowed to move.-->
				<fixed>true</fixed>
			</Marker>
			<Marker name="MidClavicle">
				<!--Body segment in the model on which the marker resides.-->
				<body>torso</body>
				<!--Location of a marker on the body segment.-->
				<location> 0.046 0.385 0</location>
				<!--Flag (true or false) specifying whether or not a marker should be kept fixed in the marker placement step.  i.e. If false, the marker is allowed to move.-->
				<fixed>true</fixed>
			</Marker>
			<Marker name="L.AnkleJoint">
				<!--Body segment in the model on which the marker resides.-->
				<body>tibia_l</body>
				<!--Location of a marker on the body segment.-->
				<location> 0.0005 -0.3788 -0.0075</location>
				<!--Flag (true or false) specifying whether or not a marker should be kept fixed in the marker placement step.  i.e. If false, the marker is allowed to move.-->
				<fixed>true</fixed>
			</Marker>
			<Marker name="L.KneeJoint">
				<!--Body segment in the model on which the marker resides.-->
				<body>femur_l</body>
				<!--Location of a marker on the body segment.-->
				<location> 0.0025 -0.4025 0.0015</location>
				<!--Flag (true or false) specifying whether or not a marker should be kept fixed in the marker placement step.  i.e. If false, the marker is allowed to move.-->
				<fixed>true</fixed>
			</Marker>
			<Marker name="L.HeelGround">
				<!--Body segment in the model on which the marker resides.-->
				<body>calcn_l</body>
				<!--Location of a marker on the body segment.-->
				<location> -0.02 -0.005 0.01</location>
				<!--Flag (true or false) specifying whether or not a marker should be kept fixed in the marker placement step.  i.e. If false, the marker is allowed to move.-->
				<fixed>true</fixed>
			</Marker>
			<Marker name="L.MT5Ground">
				<!--Body segment in the model on which the marker resides.-->
				<body>calcn_l</body>
				<!--Location of a marker on the body segment.-->
				<location> 0.16 -0.005 -0.05</location>
				<!--Flag (true or false) specifying whether or not a marker should be kept fixed in the marker placement step.  i.e. If false, the marker is allowed to move.-->
				<fixed>true</fixed>
			</Marker>
			<Marker name="L.ToeGround">
				<!--Body segment in the model on which the marker resides.-->
				<body>calcn_l</body>
				<!--Location of a marker on the body segment.-->
				<location> 0.23 -0.005 0.016</location>
				<!--Flag (true or false) specifying whether or not a marker should be kept fixed in the marker placement step.  i.e. If false, the marker is allowed to move.-->
				<fixed>true</fixed>
			</Marker>
			<Marker name="L.AnkleJointGround">
				<!--Body segment in the model on which the marker resides.-->
				<body>tibia_l</body>
				<!--Location of a marker on the body segment.-->
				<location> 0.0005 -0.44695 -0.0075</location>
				<!--Flag (true or false) specifying whether or not a marker should be kept fixed in the marker placement step.  i.e. If false, the marker is allowed to move.-->
				<fixed>true</fixed>
			</Marker>
			<Marker name="R.AnkleJoint">
				<!--Body segment in the model on which the marker resides.-->
				<body>tibia_r</body>
				<!--Location of a marker on the body segment.-->
				<location> 0.0005 -0.3788 0.0075</location>
				<!--Flag (true or false) specifying whether or not a marker should be kept fixed in the marker placement step.  i.e. If false, the marker is allowed to move.-->
				<fixed>true</fixed>
			</Marker>
			<Marker name="R.KneeJoint">
				<!--Body segment in the model on which the marker resides.-->
				<body>femur_r</body>
				<!--Location of a marker on the body segment.-->
				<location> 0.0025 -0.4025 -0.0015</location>
				<!--Flag (true or false) specifying whether or not a marker should be kept fixed in the marker placement step.  i.e. If false, the marker is allowed to move.-->
				<fixed>true</fixed>
			</Marker>
			<Marker name="R.HeelGround">
				<!--Body segment in the model on which the marker resides.-->
				<body>calcn_r</body>
				<!--Location of a marker on the body segment.-->
				<location> -0.02 -0.005 -0.01</location>
				<!--Flag (true or false) specifying whether or not a marker should be kept fixed in the marker placement step.  i.e. If false, the marker is allowed to move.-->
				<fixed>true</fixed>
			</Marker>
			<Marker name="R.MT5Ground">
				<!--Body segment in the model on which the marker resides.-->
				<body>calcn_r</body>
				<!--Location of a marker on the body segment.-->
				<location> 0.16 -0.005 0.05</location>
				<!--Flag (true or false) specifying whether or not a marker should be kept fixed in the marker placement step.  i.e. If false, the marker is allowed to move.-->
				<fixed>true</fixed>
			</Marker>
			<Marker name="R.ToeGround">
				<!--Body segment in the model on which the marker resides.-->
				<body>calcn_r</body>
				<!--Location of a marker on the body segment.-->
				<location> 0.23 -0.005 -0.016</location>
				<!--Flag (true or false) specifying whether or not a marker should be kept fixed in the marker placement step.  i.e. If false, the marker is allowed to move.-->
				<fixed>true</fixed>
			</Marker>
			<Marker name="R.AnkleJointGround">
				<!--Body segment in the model on which the marker resides.-->
				<body>tibia_r</body>
				<!--Location of a marker on the body segment.-->
				<location> 0.0005 -0.44695 0.0075</location>
				<!--Flag (true or false) specifying whether or not a marker should be kept fixed in the marker placement step.  i.e. If false, the marker is allowed to move.-->
				<fixed>true</fixed>
			</Marker>
		</objects>
		<groups>
			<ObjectGroup name="anatomical">
				<members> R.Shoulder R.Clavicle R.Elbow R.MElbow R.Wrist R.ASIS R.PSIS R_HJC R.Knee R.MKnee R.Ankle R.MAnkle R.Toe R.Heel R.MT5 L.Shoulder L.Clavicle L.Elbow L.MElbow L.Wrist L.ASIS L.PSIS R_HJC L.Knee L.MKnee L.Ankle L.MAnkle L.Toe L.Heel L.MT5 S2</members>
			</ObjectGroup>
			<ObjectGroup name="tracking">
				<members> R.Biceps R.Forearm R.TH1 R.TH2 R.TH3 R.TH4 R.SH1 R.SH2 R.SH3 R.SH4 L.Biceps L.Forearm L.TH1 L.TH2 L.TH3 L.TH4 L.SH1 L.SH2 L.SH3 L.SH4</members>
			</ObjectGroup>
		</groups>
	</MarkerSet>
</OpenSimDocument>
