<?xml version="1.0" encoding="UTF-8" ?>
<OpenSimDocument Version="30000">
	<ScaleSet name="ScaleSet">
		<objects>
			<Scale>
				<scales> 1 1 1</scales>
				<segment>ground</segment>
				<apply>true</apply>
			</Scale>
			<Scale>
				<scales> 0.988697 1.01947 1.12645</scales>
				<segment>pelvis</segment>
				<apply>true</apply>
			</Scale>
			<Scale>
				<scales> 1.1089 1.1089 1.1089</scales>
				<segment>femur_r</segment>
				<apply>true</apply>
			</Scale>
			<Scale>
				<scales> 1.07741 1.07741 1.07741</scales>
				<segment>tibia_r</segment>
				<apply>true</apply>
			</Scale>
			<Scale>
				<scales> 1 1 1</scales>
				<segment>patella_r</segment>
				<apply>true</apply>
			</Scale>
			<Scale>
				<scales> 1.11808 1.11808 1.11808</scales>
				<segment>talus_r</segment>
				<apply>true</apply>
			</Scale>
			<Scale>
				<scales> 1.11808 1.11808 1.11808</scales>
				<segment>calcn_r</segment>
				<apply>true</apply>
			</Scale>
			<Scale>
				<scales> 1.11808 1.11808 1.11808</scales>
				<segment>toes_r</segment>
				<apply>true</apply>
			</Scale>
			<Scale>
				<scales> 1.1089 1.1089 1.1089</scales>
				<segment>femur_l</segment>
				<apply>true</apply>
			</Scale>
			<Scale>
				<scales> 1.07741 1.07741 1.07741</scales>
				<segment>tibia_l</segment>
				<apply>true</apply>
			</Scale>
			<Scale>
				<scales> 1 1 1</scales>
				<segment>patella_l</segment>
				<apply>true</apply>
			</Scale>
			<Scale>
				<scales> 1.11808 1.11808 1.11808</scales>
				<segment>talus_l</segment>
				<apply>true</apply>
			</Scale>
			<Scale>
				<scales> 1.11808 1.11808 1.11808</scales>
				<segment>calcn_l</segment>
				<apply>true</apply>
			</Scale>
			<Scale>
				<scales> 1.11808 1.11808 1.11808</scales>
				<segment>toes_l</segment>
				<apply>true</apply>
			</Scale>
			<Scale>
				<scales> 0.991485 0.991485 0.991485</scales>
				<segment>torso</segment>
				<apply>true</apply>
			</Scale>
			<Scale>
				<scales> 1.10582 1.10582 1.10582</scales>
				<segment>humerus_r</segment>
				<apply>true</apply>
			</Scale>
			<Scale>
				<scales> 1.11347 1.11347 1.11347</scales>
				<segment>ulna_r</segment>
				<apply>true</apply>
			</Scale>
			<Scale>
				<scales> 1.11347 1.11347 1.11347</scales>
				<segment>radius_r</segment>
				<apply>true</apply>
			</Scale>
			<Scale>
				<scales> 1.11347 1.11347 1.11347</scales>
				<segment>hand_r</segment>
				<apply>true</apply>
			</Scale>
			<Scale>
				<scales> 1.10582 1.10582 1.10582</scales>
				<segment>humerus_l</segment>
				<apply>true</apply>
			</Scale>
			<Scale>
				<scales> 1.11347 1.11347 1.11347</scales>
				<segment>ulna_l</segment>
				<apply>true</apply>
			</Scale>
			<Scale>
				<scales> 1.11347 1.11347 1.11347</scales>
				<segment>radius_l</segment>
				<apply>true</apply>
			</Scale>
			<Scale>
				<scales> 1.11347 1.11347 1.11347</scales>
				<segment>hand_l</segment>
				<apply>true</apply>
			</Scale>
		</objects>
		<groups />
	</ScaleSet>
</OpenSimDocument>
