<?xml version="1.0" encoding="UTF-8" ?>
<OpenSimDocument Version="30000">
	<ScaleSet name="ScaleSet">
		<objects>
			<Scale>
				<scales> 1 1 1</scales>
				<segment>ground</segment>
				<apply>true</apply>
			</Scale>
			<Scale>
				<scales> 1.24463 1.00167 1.19736</scales>
				<segment>pelvis</segment>
				<apply>true</apply>
			</Scale>
			<Scale>
				<scales> 0.958 0.958 0.958</scales>
				<segment>femur_r</segment>
				<apply>true</apply>
			</Scale>
			<Scale>
				<scales> 1.149 1.149 1.149</scales>
				<segment>tibia_r</segment>
				<apply>true</apply>
			</Scale>
			<Scale>
				<scales> 0.958 0.958 0.958</scales>
				<segment>patella_r</segment>
				<apply>true</apply>
			</Scale>
			<Scale>
				<scales> 1.14316 1.66076 1.49753</scales>
				<segment>talus_r</segment>
				<apply>true</apply>
			</Scale>
			<Scale>
				<scales> 1.14316 1.66076 1.49753</scales>
				<segment>calcn_r</segment>
				<apply>true</apply>
			</Scale>
			<Scale>
				<scales> 1.14316 1.66076 1.49753</scales>
				<segment>toes_r</segment>
				<apply>true</apply>
			</Scale>
			<Scale>
				<scales> 0.958 0.958 0.958</scales>
				<segment>femur_l</segment>
				<apply>true</apply>
			</Scale>
			<Scale>
				<scales> 1.149 1.149 1.149</scales>
				<segment>tibia_l</segment>
				<apply>true</apply>
			</Scale>
			<Scale>
				<scales> 0.958 0.958 0.958</scales>
				<segment>patella_l</segment>
				<apply>true</apply>
			</Scale>
			<Scale>
				<scales> 1.14316 1.66076 1.49753</scales>
				<segment>talus_l</segment>
				<apply>true</apply>
			</Scale>
			<Scale>
				<scales> 1.14316 1.66076 1.49753</scales>
				<segment>calcn_l</segment>
				<apply>true</apply>
			</Scale>
			<Scale>
				<scales> 1.14316 1.66076 1.49753</scales>
				<segment>toes_l</segment>
				<apply>true</apply>
			</Scale>
			<Scale>
				<scales> 1.21013 1.17781 1.21013</scales>
				<segment>torso</segment>
				<apply>true</apply>
			</Scale>
			<Scale>
				<scales> 1.09817 1.09817 1.09817</scales>
				<segment>humerus_r</segment>
				<apply>true</apply>
			</Scale>
			<Scale>
				<scales> 1.01397 1.01397 1.01397</scales>
				<segment>ulna_r</segment>
				<apply>true</apply>
			</Scale>
			<Scale>
				<scales> 1.01397 1.01397 1.01397</scales>
				<segment>radius_r</segment>
				<apply>true</apply>
			</Scale>
			<Scale>
				<scales> 1 1 1</scales>
				<segment>hand_r</segment>
				<apply>true</apply>
			</Scale>
			<Scale>
				<scales> 1.09817 1.09817 1.09817</scales>
				<segment>humerus_l</segment>
				<apply>true</apply>
			</Scale>
			<Scale>
				<scales> 1.01397 1.01397 1.01397</scales>
				<segment>ulna_l</segment>
				<apply>true</apply>
			</Scale>
			<Scale>
				<scales> 1.01397 1.01397 1.01397</scales>
				<segment>radius_l</segment>
				<apply>true</apply>
			</Scale>
			<Scale>
				<scales> 1 1 1</scales>
				<segment>hand_l</segment>
				<apply>true</apply>
			</Scale>
		</objects>
		<groups />
	</ScaleSet>
</OpenSimDocument>
