<?xml version="1.0" encoding="UTF-8" ?>
<OpenSimDocument Version="30000">
	<MarkerSet>
		<objects>
			<Marker name="R.Shoulder">
				<!--Body segment in the model on which the marker resides.-->
				<body>torso</body>
				<!--Location of a marker on the body segment.-->
				<location> 0 0.492325 0.171838</location>
				<!--Flag (true or false) specifying whether or not a marker should be kept fixed in the marker placement step.  i.e. If false, the marker is allowed to move.-->
				<fixed>true</fixed>
			</Marker>
			<Marker name="L.Shoulder">
				<!--Body segment in the model on which the marker resides.-->
				<body>torso</body>
				<!--Location of a marker on the body segment.-->
				<location> 0 0.492325 -0.171838</location>
				<!--Flag (true or false) specifying whether or not a marker should be kept fixed in the marker placement step.  i.e. If false, the marker is allowed to move.-->
				<fixed>true</fixed>
			</Marker>
			<Marker name="R.Clavicle">
				<!--Body segment in the model on which the marker resides.-->
				<body>torso</body>
				<!--Location of a marker on the body segment.-->
				<location> 0.055666 0.453457 0.0302532</location>
				<!--Flag (true or false) specifying whether or not a marker should be kept fixed in the marker placement step.  i.e. If false, the marker is allowed to move.-->
				<fixed>true</fixed>
			</Marker>
			<Marker name="L.Clavicle">
				<!--Body segment in the model on which the marker resides.-->
				<body>torso</body>
				<!--Location of a marker on the body segment.-->
				<location> 0.055666 0.453457 -0.0302532</location>
				<!--Flag (true or false) specifying whether or not a marker should be kept fixed in the marker placement step.  i.e. If false, the marker is allowed to move.-->
				<fixed>true</fixed>
			</Marker>
			<Marker name="R.Biceps">
				<!--Body segment in the model on which the marker resides.-->
				<body>humerus_r</body>
				<!--Location of a marker on the body segment.-->
				<location> 0.0215019 -0.142644 0.0161323</location>
				<!--Flag (true or false) specifying whether or not a marker should be kept fixed in the marker placement step.  i.e. If false, the marker is allowed to move.-->
				<fixed>false</fixed>
			</Marker>
			<Marker name="R.Elbow">
				<!--Body segment in the model on which the marker resides.-->
				<body>humerus_r</body>
				<!--Location of a marker on the body segment.-->
				<location> 0.0109817 -0.308586 0.038436</location>
				<!--Flag (true or false) specifying whether or not a marker should be kept fixed in the marker placement step.  i.e. If false, the marker is allowed to move.-->
				<fixed>true</fixed>
			</Marker>
			<Marker name="R.Forearm">
				<!--Body segment in the model on which the marker resides.-->
				<body>ulna_r</body>
				<!--Location of a marker on the body segment.-->
				<location> 0.0334278 -0.144302 0.0370969</location>
				<!--Flag (true or false) specifying whether or not a marker should be kept fixed in the marker placement step.  i.e. If false, the marker is allowed to move.-->
				<fixed>false</fixed>
			</Marker>
			<Marker name="R.Wrist">
				<!--Body segment in the model on which the marker resides.-->
				<body>radius_r</body>
				<!--Location of a marker on the body segment.-->
				<location> -0.0304191 -0.243353 0.00608382</location>
				<!--Flag (true or false) specifying whether or not a marker should be kept fixed in the marker placement step.  i.e. If false, the marker is allowed to move.-->
				<fixed>true</fixed>
			</Marker>
			<Marker name="L.Biceps">
				<!--Body segment in the model on which the marker resides.-->
				<body>humerus_l</body>
				<!--Location of a marker on the body segment.-->
				<location> -0.0114643 -0.121327 -0.0438008</location>
				<!--Flag (true or false) specifying whether or not a marker should be kept fixed in the marker placement step.  i.e. If false, the marker is allowed to move.-->
				<fixed>false</fixed>
			</Marker>
			<Marker name="L.Elbow">
				<!--Body segment in the model on which the marker resides.-->
				<body>humerus_l</body>
				<!--Location of a marker on the body segment.-->
				<location> 0.0109817 -0.308586 -0.038436</location>
				<!--Flag (true or false) specifying whether or not a marker should be kept fixed in the marker placement step.  i.e. If false, the marker is allowed to move.-->
				<fixed>true</fixed>
			</Marker>
			<Marker name="L.Forearm">
				<!--Body segment in the model on which the marker resides.-->
				<body>ulna_l</body>
				<!--Location of a marker on the body segment.-->
				<location> 0.0214137 -0.136852 -0.0394846</location>
				<!--Flag (true or false) specifying whether or not a marker should be kept fixed in the marker placement step.  i.e. If false, the marker is allowed to move.-->
				<fixed>false</fixed>
			</Marker>
			<Marker name="L.Wrist">
				<!--Body segment in the model on which the marker resides.-->
				<body>radius_l</body>
				<!--Location of a marker on the body segment.-->
				<location> -0.0304191 -0.243353 -0.00608382</location>
				<!--Flag (true or false) specifying whether or not a marker should be kept fixed in the marker placement step.  i.e. If false, the marker is allowed to move.-->
				<fixed>true</fixed>
			</Marker>
			<Marker name="R.ASIS">
				<!--Body segment in the model on which the marker resides.-->
				<body>pelvis</body>
				<!--Location of a marker on the body segment.-->
				<location> 0.0161802 0.03005 0.153262</location>
				<!--Flag (true or false) specifying whether or not a marker should be kept fixed in the marker placement step.  i.e. If false, the marker is allowed to move.-->
				<fixed>true</fixed>
			</Marker>
			<Marker name="L.ASIS">
				<!--Body segment in the model on which the marker resides.-->
				<body>pelvis</body>
				<!--Location of a marker on the body segment.-->
				<location> 0.0161802 0.03005 -0.153262</location>
				<!--Flag (true or false) specifying whether or not a marker should be kept fixed in the marker placement step.  i.e. If false, the marker is allowed to move.-->
				<fixed>true</fixed>
			</Marker>
			<Marker name="S2">
				<!--Body segment in the model on which the marker resides.-->
				<body>pelvis</body>
				<!--Location of a marker on the body segment.-->
				<location> -0.224034 0.0250417 0</location>
				<!--Flag (true or false) specifying whether or not a marker should be kept fixed in the marker placement step.  i.e. If false, the marker is allowed to move.-->
				<fixed>true</fixed>
			</Marker>
			<Marker name="R.PSIS">
				<!--Body segment in the model on which the marker resides.-->
				<body>pelvis</body>
				<!--Location of a marker on the body segment.-->
				<location> -0.191718 0.0223867 0.0347068</location>
				<!--Flag (true or false) specifying whether or not a marker should be kept fixed in the marker placement step.  i.e. If false, the marker is allowed to move.-->
				<fixed>false</fixed>
			</Marker>
			<Marker name="L.PSIS">
				<!--Body segment in the model on which the marker resides.-->
				<body>pelvis</body>
				<!--Location of a marker on the body segment.-->
				<location> -0.18765 0.019958 -0.0569678</location>
				<!--Flag (true or false) specifying whether or not a marker should be kept fixed in the marker placement step.  i.e. If false, the marker is allowed to move.-->
				<fixed>false</fixed>
			</Marker>
			<Marker name="R.TH1">
				<!--Body segment in the model on which the marker resides.-->
				<body>femur_r</body>
				<!--Location of a marker on the body segment.-->
				<location> 0.0630927 -0.131502 0.101979</location>
				<!--Flag (true or false) specifying whether or not a marker should be kept fixed in the marker placement step.  i.e. If false, the marker is allowed to move.-->
				<fixed>false</fixed>
			</Marker>
			<Marker name="R.TH2">
				<!--Body segment in the model on which the marker resides.-->
				<body>femur_r</body>
				<!--Location of a marker on the body segment.-->
				<location> -0.045609 -0.13459 0.109406</location>
				<!--Flag (true or false) specifying whether or not a marker should be kept fixed in the marker placement step.  i.e. If false, the marker is allowed to move.-->
				<fixed>false</fixed>
			</Marker>
			<Marker name="R.TH3">
				<!--Body segment in the model on which the marker resides.-->
				<body>femur_r</body>
				<!--Location of a marker on the body segment.-->
				<location> -0.0534715 -0.260686 0.0832786</location>
				<!--Flag (true or false) specifying whether or not a marker should be kept fixed in the marker placement step.  i.e. If false, the marker is allowed to move.-->
				<fixed>false</fixed>
			</Marker>
			<Marker name="R.Knee">
				<!--Body segment in the model on which the marker resides.-->
				<body>femur_r</body>
				<!--Location of a marker on the body segment.-->
				<location> 0 -0.387032 0.045026</location>
				<!--Flag (true or false) specifying whether or not a marker should be kept fixed in the marker placement step.  i.e. If false, the marker is allowed to move.-->
				<fixed>true</fixed>
			</Marker>
			<Marker name="R.SH1">
				<!--Body segment in the model on which the marker resides.-->
				<body>tibia_r</body>
				<!--Location of a marker on the body segment.-->
				<location> 0.000790797 -0.100523 0.0731009</location>
				<!--Flag (true or false) specifying whether or not a marker should be kept fixed in the marker placement step.  i.e. If false, the marker is allowed to move.-->
				<fixed>false</fixed>
			</Marker>
			<Marker name="R.SH2">
				<!--Body segment in the model on which the marker resides.-->
				<body>tibia_r</body>
				<!--Location of a marker on the body segment.-->
				<location> 0.00547937 -0.212703 0.0805341</location>
				<!--Flag (true or false) specifying whether or not a marker should be kept fixed in the marker placement step.  i.e. If false, the marker is allowed to move.-->
				<fixed>false</fixed>
			</Marker>
			<Marker name="R.SH3">
				<!--Body segment in the model on which the marker resides.-->
				<body>tibia_r</body>
				<!--Location of a marker on the body segment.-->
				<location> -0.0830496 -0.108513 0.0759119</location>
				<!--Flag (true or false) specifying whether or not a marker should be kept fixed in the marker placement step.  i.e. If false, the marker is allowed to move.-->
				<fixed>false</fixed>
			</Marker>
			<Marker name="R.SH4">
				<!--Body segment in the model on which the marker resides.-->
				<body>tibia_r</body>
				<!--Location of a marker on the body segment.-->
				<location> -0.0778699 -0.228612 0.0764179</location>
				<!--Flag (true or false) specifying whether or not a marker should be kept fixed in the marker placement step.  i.e. If false, the marker is allowed to move.-->
				<fixed>false</fixed>
			</Marker>
			<Marker name="R.Ankle">
				<!--Body segment in the model on which the marker resides.-->
				<body>tibia_r</body>
				<!--Location of a marker on the body segment.-->
				<location> -0.012714 -0.426398 0.0534636</location>
				<!--Flag (true or false) specifying whether or not a marker should be kept fixed in the marker placement step.  i.e. If false, the marker is allowed to move.-->
				<fixed>false</fixed>
			</Marker>
			<Marker name="R.Toe">
				<!--Body segment in the model on which the marker resides.-->
				<body>calcn_r</body>
				<!--Location of a marker on the body segment.-->
				<location> 0.281235 0.0670071 -0.0219348</location>
				<!--Flag (true or false) specifying whether or not a marker should be kept fixed in the marker placement step.  i.e. If false, the marker is allowed to move.-->
				<fixed>false</fixed>
			</Marker>
			<Marker name="R.MT5">
				<!--Body segment in the model on which the marker resides.-->
				<body>calcn_r</body>
				<!--Location of a marker on the body segment.-->
				<location> 0.174879 0.0274022 0.0742901</location>
				<!--Flag (true or false) specifying whether or not a marker should be kept fixed in the marker placement step.  i.e. If false, the marker is allowed to move.-->
				<fixed>false</fixed>
			</Marker>
			<Marker name="R.Heel">
				<!--Body segment in the model on which the marker resides.-->
				<body>calcn_r</body>
				<!--Location of a marker on the body segment.-->
				<location> -0.0159277 0.0264722 -0.00867383</location>
				<!--Flag (true or false) specifying whether or not a marker should be kept fixed in the marker placement step.  i.e. If false, the marker is allowed to move.-->
				<fixed>false</fixed>
			</Marker>
			<Marker name="L.TH1">
				<!--Body segment in the model on which the marker resides.-->
				<body>femur_l</body>
				<!--Location of a marker on the body segment.-->
				<location> 0.119555 -0.133189 -0.0694037</location>
				<!--Flag (true or false) specifying whether or not a marker should be kept fixed in the marker placement step.  i.e. If false, the marker is allowed to move.-->
				<fixed>false</fixed>
			</Marker>
			<Marker name="L.TH2">
				<!--Body segment in the model on which the marker resides.-->
				<body>femur_l</body>
				<!--Location of a marker on the body segment.-->
				<location> 0.102279 -0.262359 -0.0477409</location>
				<!--Flag (true or false) specifying whether or not a marker should be kept fixed in the marker placement step.  i.e. If false, the marker is allowed to move.-->
				<fixed>false</fixed>
			</Marker>
			<Marker name="L.TH3">
				<!--Body segment in the model on which the marker resides.-->
				<body>femur_l</body>
				<!--Location of a marker on the body segment.-->
				<location> 0.0277485 -0.119254 -0.12261</location>
				<!--Flag (true or false) specifying whether or not a marker should be kept fixed in the marker placement step.  i.e. If false, the marker is allowed to move.-->
				<fixed>false</fixed>
			</Marker>
			<Marker name="L.TH4">
				<!--Body segment in the model on which the marker resides.-->
				<body>femur_l</body>
				<!--Location of a marker on the body segment.-->
				<location> -0.00684747 -0.248047 -0.0923285</location>
				<!--Flag (true or false) specifying whether or not a marker should be kept fixed in the marker placement step.  i.e. If false, the marker is allowed to move.-->
				<fixed>false</fixed>
			</Marker>
			<Marker name="L.Knee">
				<!--Body segment in the model on which the marker resides.-->
				<body>femur_l</body>
				<!--Location of a marker on the body segment.-->
				<location> 0 -0.387032 -0.045026</location>
				<!--Flag (true or false) specifying whether or not a marker should be kept fixed in the marker placement step.  i.e. If false, the marker is allowed to move.-->
				<fixed>true</fixed>
			</Marker>
			<Marker name="L.SH1">
				<!--Body segment in the model on which the marker resides.-->
				<body>tibia_l</body>
				<!--Location of a marker on the body segment.-->
				<location> 0.0190401 -0.107873 -0.0463174</location>
				<!--Flag (true or false) specifying whether or not a marker should be kept fixed in the marker placement step.  i.e. If false, the marker is allowed to move.-->
				<fixed>false</fixed>
			</Marker>
			<Marker name="L.SH2">
				<!--Body segment in the model on which the marker resides.-->
				<body>tibia_l</body>
				<!--Location of a marker on the body segment.-->
				<location> -0.0736853 -0.101662 -0.0739524</location>
				<!--Flag (true or false) specifying whether or not a marker should be kept fixed in the marker placement step.  i.e. If false, the marker is allowed to move.-->
				<fixed>false</fixed>
			</Marker>
			<Marker name="L.SH3">
				<!--Body segment in the model on which the marker resides.-->
				<body>tibia_l</body>
				<!--Location of a marker on the body segment.-->
				<location> -0.0750906 -0.218544 -0.0710846</location>
				<!--Flag (true or false) specifying whether or not a marker should be kept fixed in the marker placement step.  i.e. If false, the marker is allowed to move.-->
				<fixed>false</fixed>
			</Marker>
			<Marker name="L.Ankle">
				<!--Body segment in the model on which the marker resides.-->
				<body>tibia_l</body>
				<!--Location of a marker on the body segment.-->
				<location> -0.00256788 -0.425301 -0.0543071</location>
				<!--Flag (true or false) specifying whether or not a marker should be kept fixed in the marker placement step.  i.e. If false, the marker is allowed to move.-->
				<fixed>false</fixed>
			</Marker>
			<Marker name="L.Toe">
				<!--Body segment in the model on which the marker resides.-->
				<body>calcn_l</body>
				<!--Location of a marker on the body segment.-->
				<location> 0.277751 0.0589609 0.0153878</location>
				<!--Flag (true or false) specifying whether or not a marker should be kept fixed in the marker placement step.  i.e. If false, the marker is allowed to move.-->
				<fixed>false</fixed>
			</Marker>
			<Marker name="L.Heel">
				<!--Body segment in the model on which the marker resides.-->
				<body>calcn_l</body>
				<!--Location of a marker on the body segment.-->
				<location> -0.0167905 0.025191 0.00784964</location>
				<!--Flag (true or false) specifying whether or not a marker should be kept fixed in the marker placement step.  i.e. If false, the marker is allowed to move.-->
				<fixed>false</fixed>
			</Marker>
			<Marker name="L.MT5">
				<!--Body segment in the model on which the marker resides.-->
				<body>calcn_l</body>
				<!--Location of a marker on the body segment.-->
				<location> 0.173816 0.0260923 -0.0767306</location>
				<!--Flag (true or false) specifying whether or not a marker should be kept fixed in the marker placement step.  i.e. If false, the marker is allowed to move.-->
				<fixed>false</fixed>
			</Marker>
		</objects>
		<groups />
	</MarkerSet>
</OpenSimDocument>
