<?xml version="1.0" encoding="UTF-8" ?>
<OpenSimDocument Version="30000">
	<CMC_TaskSet name="cmc_tasks">
		<defaults>
            <CMC_Joint name="default">
                <!--Flag (true or false) indicating whether or not a task is enabled.-->
                <on>true</on>
                <!--Weight with which a task is tracked relative to other tasks. To track a task more tightly, make the weight larger.-->
                <weight> 1</weight>
                <!--Name of body frame with respect to which a tracking objective is specified. The special name 'center_of_mass' refers to the system center of mass. This property is not used for tracking joint angles.-->
                <wrt_body>-1</wrt_body>
                <!--Name of body frame in which the tracking objectives are expressed.  This property is not used for tracking joint angles.-->
                <express_body>-1</express_body>
                <!--Array of 3 flags (each true or false) specifying whether a component of a task is active.  For example, tracking the trajectory of a point in space could have three components (x,y,z).  This allows each of those to be made active (true) or inactive (false).  A task for tracking a joint coordinate only has one component.-->
                <active> true false false</active>
                <!--Position error feedback gain (stiffness). To achieve critical damping of errors, choose kv = 2*sqrt(kp).-->
                <kp> 100 1 1</kp> 
                <!--Velocity error feedback gain (damping). To achieve critical damping of errors, choose kv = 2*sqrt(kp).-->
                <kv> 20 1 1</kv>
                <!--Feedforward acceleration gain.  This is normally set to 1.0, so no gain.-->
                <ka> 1 1 1</ka>
                <!--Direction vector[3] for component 0 of a task. Joint tasks do not use this propery.-->
                <r0> 0 0 0</r0>
                <!--Direction vector[3] for component 1 of a task. Joint tasks do not use this property.-->
                <r1> 0 0 0</r1>
                <!--Direction vector[3] for component 2 of a task. Joint tasks do not use this property.-->
                <r2> 0 0 0</r2>
                <!--Name of the coordinate to be tracked.-->
                <coordinate/>
                <!--Error limit on the tracking accuracy for this coordinate. If the tracking errors approach this limit, the weighting for this coordinate is increased. -->
                <limit>0</limit>
            </CMC_Joint>
		</defaults>
		<objects>

            <!-- Pelvis. -->
            <CMC_Joint name="pelvis_tx"> <weight>1</weight>
                <coordinate>pelvis_tx</coordinate> </CMC_Joint>
            <CMC_Joint name="pelvis_ty"> <weight>1</weight>
                <coordinate>pelvis_ty</coordinate> </CMC_Joint>
            <CMC_Joint name="pelvis_tz"> <weight>1</weight>
                <coordinate>pelvis_tz</coordinate> </CMC_Joint>
            <CMC_Joint name="pelvis_tilt"> <weight>1</weight>
                <coordinate>pelvis_tilt</coordinate> </CMC_Joint>
            <CMC_Joint name="pelvis_list"> <weight>1</weight>
                <coordinate>pelvis_list</coordinate> </CMC_Joint>
            <CMC_Joint name="pelvis_rotation"> <weight>1</weight>
                <coordinate>pelvis_rotation</coordinate> </CMC_Joint>

            <!-- Lumbar. -->
            <CMC_Joint name="lumbar_extension"> <weight>1</weight>
                <coordinate>lumbar_extension</coordinate> </CMC_Joint>
            <CMC_Joint name="lumbar_bending"> <weight>1</weight>
                <coordinate>lumbar_bending</coordinate> </CMC_Joint>
            <CMC_Joint name="lumbar_rotation"> <weight>1</weight>
                <coordinate>lumbar_rotation</coordinate> </CMC_Joint>

            <!-- Lower limbs. -->
            <CMC_Joint name="hip_flexion_r"> <weight>1</weight>
                <coordinate>hip_flexion_r</coordinate> </CMC_Joint>
            <CMC_Joint name="hip_flexion_l"> <weight>1</weight>
                <coordinate>hip_flexion_l</coordinate> </CMC_Joint>
            <CMC_Joint name="hip_adduction_r"> <weight>1</weight>
                <coordinate>hip_adduction_r</coordinate> </CMC_Joint>
            <CMC_Joint name="hip_adduction_l"> <weight>1</weight>
                <coordinate>hip_adduction_l</coordinate> </CMC_Joint>
            <CMC_Joint name="hip_rotation_r"> <weight>1</weight>
                <coordinate>hip_rotation_r</coordinate> </CMC_Joint>
            <CMC_Joint name="hip_rotation_l"> <weight>1</weight>
                <coordinate>hip_rotation_l</coordinate> </CMC_Joint>
            <CMC_Joint name="knee_angle_r"> <weight>1</weight>
                <coordinate>knee_angle_r</coordinate> </CMC_Joint>
            <CMC_Joint name="knee_angle_l"> <weight>1</weight>
                <coordinate>knee_angle_l</coordinate> </CMC_Joint>
            <CMC_Joint name="ankle_angle_r"> <weight>1</weight>
                <coordinate>ankle_angle_r</coordinate> </CMC_Joint>
            <CMC_Joint name="ankle_angle_l"> <weight>1</weight>
                <coordinate>ankle_angle_l</coordinate> </CMC_Joint>

            <!-- Upper limbs. -->
            <CMC_Joint name="arm_flex_r"> <weight>1</weight>
                <coordinate>arm_flex_r</coordinate> </CMC_Joint>
            <CMC_Joint name="arm_flex_l"> <weight>1</weight>
                <coordinate>arm_flex_l</coordinate> </CMC_Joint>
            <CMC_Joint name="arm_add_r"> <weight>1</weight>
                <coordinate>arm_add_r</coordinate> </CMC_Joint>
            <CMC_Joint name="arm_add_l"> <weight>1</weight>
                <coordinate>arm_add_l</coordinate> </CMC_Joint>
            <CMC_Joint name="arm_rot_r"> <weight>1</weight>
                <coordinate>arm_rot_r</coordinate> </CMC_Joint>
            <CMC_Joint name="arm_rot_l"> <weight>1</weight>
                <coordinate>arm_rot_l</coordinate> </CMC_Joint>
            <CMC_Joint name="elbow_flex_r"> <weight>1</weight>
                <coordinate>elbow_flex_r</coordinate> </CMC_Joint>
            <CMC_Joint name="elbow_flex_l"> <weight>1</weight>
                <coordinate>elbow_flex_l</coordinate> </CMC_Joint>
            <CMC_Joint name="pro_sup_l"> <weight> 1</weight>
                <coordinate>pro_sup_l</coordinate> </CMC_Joint>
            <CMC_Joint name="pro_sup_r"> <weight> 1</weight>
                <coordinate>pro_sup_r</coordinate> </CMC_Joint>
		</objects>
		<groups />
	</CMC_TaskSet>
</OpenSimDocument>
